코드	계정명	2023-09-30/Annual	2024-09-30/Annual	2025-09-30/Annual
121000	수익		219040343000	415984913000
121100	   총수익		219040343000	415984913000
121190	      [국내]			
121195	      [수출]			
121198	      [구분불명]			
121110	      상품판매로인한수익		38952777000	51699040000
121111	         국내			
121112	         수출			
121118	         구분불명			
121120	      제품판매로인한수익		180087566000	364285873000
121121	         국내			
121122	         수출			
121128	         구분불명			
121140	      [공사수익]			
121150	      [분양수익]			
121160	      [임대수익]			8672631000
121170	      [용역수익]			
121171	      [지분법이익]			
121172	      [배당수익]			
121173	      [로열티수입]			
121174	      [이자수익]			
121175	      [수수료수익]			
121176	      [제품판매로인한수익]			
121180	      [기타수익]		180087566000	355613242000
121500	      상품제품판매로인한수익			
121501	         국내			
121502	         수출			
121503	         구분불명			
121130	      기타수익			
121131	         국내			
121132	         수출			
121138	         구분불명			
121200	   매출에누리와환입			
121300	   판매장려금등			
121400	   매출할인			
121450	   반품추정수익			
121451	   특정매입원가			
121452	   기타수익조정			
122000	매출원가		21131876000	25962038000
122100	   상품매출원가		21131876000	25962038000
122110	      기초재고			404583000
122120	      매입		21131876000	26020876000
122125	      타계정에서대체			
122126	      관세환급금			
122130	      타계정으로대체			
122140	      기말재고			463421000
122200	   제품매출원가			
122210	      기초재고			
122220	      당기제품제조원가			
122225	      타계정에서대체			
122226	      관세환급금			
122230	      타계정으로대체			
122240	      기말재고			
122300	   [공사원가]			
122400	   [분양원가]			
122500	   [임대원가]			
122600	   [용역원가]			
122650	   [제품매출원가]			
122651	   [이자비용]			
122652	   [지분법손실]			
122653	   [감가상각비]			
122654	   [무형자산상각비]			
122655	   [종업원급여]			
122700	   [기타원가]			
122305	   상품제품매출원가			
122310	      기초재고			
122320	      매입/제조			
122325	      타계정에서대체			
122326	      관세환급금			
122330	      타계정으로대체			
122340	      기말재고			
122900	   기타매출원가			
122910	      기초재고			
122920	      매입/제조			
122925	      타계정에서대체			
122926	      관세환급금			
122930	      타계정으로대체			
122940	      기말재고			
122050	   재고자산평가손실			
122950	   반품추정매출원가			
122980	   매입할인			
122990	   매출원가조정			
123000	매출총이익(손실)		197908467000	390022875000
123100	기타영업수익			
123102	   재고자산의변동			
123110	   금융수익			
123115	   [공시금융수익]			
123111	      이자수익			
123112	      장단기투자자산이자수익			
123120	      배당금수익			
123130	      매출채권처분이익			
123132	      주식배당금수익			
123113	      기타금융수익			
123121	   단기투자자산처분이익			
123122	   장기투자자산처분이익			
123165	   투자자산처분이익			
123123	   단기금융상품처분이익			
123124	   단기매매금융자산처분이익			
123206	   당기손익인식금융자산처분이익			
123166	   매도가능금융자산처분이익			
123167	   만기보유금융자산처분이익			
123175	   기타장단기투자자산처분이익			
123125	   지분법주식처분이익			
123126	   종속기업투자처분이익			
123127	   관계기업투자처분이익			
123128	   조인트벤처투자처분이익			
123131	   임대주택자산처분이익			
123169	   유,무형,리스자산처분이익			
123133	   신주인수권처분이익			
123205	   기타자산처분이익			
123134	   임대료수익			
123135	   수수료수익			
123136	   원가차익			
123137	   매입할인			
123138	   보험차익			
123139	   외환차익			
123140	   외화환산이익			
123141	   파생상품거래이익			
123142	   파생상품거래대환입			
123143	   파생상품평가이익			
123150	   자산평가이익			
123155	      투자자산평가이익			
123151	      단기금융상품평가이익			
123152	      단기매매금융자산평가이익			
123174	      당기손익인식금융자산평가이익			
123156	      매도가능금융자산평가이익			
123154	      기타장단기투자자산평가이익			
123153	      단기투자일임계약자산평가이익			
123157	      유형자산평가이익			
123158	      무형자산평가이익			
123159	      투자부동산평가이익			
123207	      기타자산평가이익			
123160	   환율조정대환입			
123161	   대손충당부채환입			
123162	   재고자산평가손실환입			
123163	   장단기투자증권평가충당부채환입			
123164	   투자자산평가충당부채환입			
123170	   공정가액조정이익			
123171	   상각채권추심이익			
123168	   자전거래이익			
123172	   사채상환이익			
123192	   전환사채전환이익			
123173	   지분법이익			
123180	   자산손상차손환입			
123181	      임대주택자산손상차손환입			
123182	      투자자산손상차손환입			
123183	      매도가능금융자산손상차손환입			
123184	      만기보유금융자산손상차손환입			
123177	      기타장단기투자자산손상차손환입			
123185	      지분법주식손상차손환입			
123211	      종속기업투자손상차손환입			
123212	      관계기업투자손상차손환입			
123213	      조인트벤처투자손상차손환입			
123186	      유형자산손상차손환입			
123187	      무형자산손상차손환입			
123188	      기타자산손상차손환입			
123190	   주식보상비용환입			
123191	   법인세환급액			
123193	   중간기간오류이익			
123194	   중간기간영업외수익조정			
123195	   전기오류수정이익			
123196	   복구충당부채환입액			
123197	   복구공사이익			
123198	   유동화수익			
123199	   자산수증이익			
123201	   채무면제이익			
123202	   해외사업환산이익환입			
123203	   정부보조금			
123204	   기타수익			
123300	기타영업비용			
123301	   재고자산의변동			
123302	   원재료와소모품의사용			
123303	   금융비용			
123399	   [공시금융비용]			
123304	      이자비용			
123305	      사채이자			
123316	      매출채권처분손실			
123341	      상환우선주배당금			
123306	      기타금융비용			
123307	   단기투자자산처분손실			
123308	   장기투자자산처분손실			
123366	   투자자산처분손실			
123309	   단기금융상품처분손실			
123310	   단기매매금융자산처분손실			
123394	   당기손익인식금융자산처분손실			
123367	   매도가능금융자산처분손실			
123368	   만기보유금융자산처분손실			
123176	   기타장단기투자자산처분손실			
123311	   지분법주식처분손실			
123312	   종속기업투자처분손실			
123313	   관계기업투자처분손실			
123314	   조인트벤처투자처분손실			
123317	   임대주택자산처분손실			
123365	   유,무형,리스자산처분손실			
123318	   신주인수권처분손실			
123395	   기타자산처분손실			
123319	   기부금			
123320	   외환차손			
123321	   외화환산손실			
123322	   파생상품거래손실			
123323	   파생상품거래차상각			
123324	   파생상품평가손실			
123325	   자산평가손실			
123332	      투자자산평가손실			
123326	      단기금융상품평가손실			
123329	      단기매매금융자산평가손실			
123338	      당기손익인식금융자산평가손실			
123333	      매도가능금융자산평가손실			
123331	      기타장단기투자자산평가손실			
123330	      단기투자일임계약자산평가손실			
123327	      재고자산평가손실			
123328	      재고자산감모손실			
123334	      유형자산평가손실			
123335	      무형자산평가손실			
123336	      투자부동산평가손실			
123396	      기타자산평가손실			
123337	   매출할인			
123358	   수수료비용			
123339	   원가차손			
123342	   무형자산상각비			
123343	      영업권상각			
123344	      부의영업권환입(-)			
123345	      라이선스와프랜차이즈상각			
123346	      산업재산권상각			
123347	      저작권상각			
123348	      임차권리금상각			
123349	      광업권상각			
123350	      어업권상각			
123351	      차지권상각			
123352	      전용시설이용권상각			
123353	      창업비상각			
123354	      개발비상각			
123355	      소프트웨어상각			
123356	      기타무형자산상각			
123363	   기타대손상각비			
123357	   감가상각비			
123369	   자전거래손실			
123370	   공정가액조정손실			
123380	   사채상환손실			
123384	   전환사채전환손실			
123381	   부채상환손실			
123382	   지분법손실			
123371	   자산손상차손			
123372	      임대주택자산손상차손			
123373	      투자자산손상차손			
123374	      매도가능금융자산손상차손			
123375	      만기보유금융자산손상차손			
123178	      기타장단기투자자산손상차손			
123376	      지분법주식손상차손			
123360	      종속기업투자손상차손			
123361	      관계기업투자손상차손			
123362	      조인트벤처투자손상차손			
123377	      유형자산손상차손			
123378	      무형자산손상차손			
123379	      기타자산손상차손			
123383	   법인세추납액			
123385	   중간기간오류손실			
123386	   중간기간영업외비용조정			
123387	   전기오류수정손실			
123388	   복구충당부채전입액			
123389	   복구공사손실			
123390	   재해손실			
123391	   특별상각			
123392	   해외사업환산손실상각			
123393	   기타비용			
124000	판매비와관리비	66891649000	354291797000	436144767000
124001	[총종업원급여]			
124002	[총감가상각비]			
124003	[총무형자산상각비]			
124100	   인건비	17948328000	122566518000	139263283000
124105	      단기종업원급여	14913145000	90919878000	103128753000
124110	         임원급여			
124120	         급료와임금	14913145000	90919878000	103128753000
124130	         제수당			
124140	         상여금			
124145	      퇴직급여	507873000	7930153000	8514326000
124165	      해고급여			
124166	      기타장기종업원급여			
124180	      주식보상비용			
124170	      복리후생비	2527310000	23716487000	27620204000
124199	      기타인건비			
124200	   일반관리비	37290953000	180581052000	236142689000
124211	      여비교통비	637670000	1718906000	2419166000
124212	      통신비			
124213	      수도광열비			
124214	      세금과공과	90859000	26175948000	45681525000
124215	      임차료비용	543474000	998974000	761740000
124216	      감가상각비	1001346000	45335170000	60779229000
124217	      수선비			
124218	      보험료			
124219	      도서구입비			
124220	      소모품비	1796741000	20865742000	8400689000
124221	      도서인쇄비			
124222	      차량유지비			
124223	      교육훈련비			
124224	      수수료비용	33176793000	36127226000	51535092000
124226	      리스료			
124227	      전산처리비			
124228	      하자보수비			
124225	      기타관리비	44070000	49359086000	66565248000
124300	   판매비	900840000	30839124000	25067190000
124311	      접대비			
124312	      광고선전비	900840000	19118685000	11974699000
124313	      보관료			
124314	      견본비			
124315	      포장비			
124316	      운반비			
124317	      판매수수료			
124319	      판매촉진비		11720439000	13092491000
124318	      해외시장개척비			
124320	      수출비용			
124322	      A/S비			
124323	      반품충당부채전입액			
124321	      기타판매비			
124400	   기타판매비와관리비	10751528000	20305103000	35671605000
124405	      [개발비 비용]			
124406	      연구비			
124410	      경상연구개발비			
124420	      경상개발비			
124421	      로얄티			
124440	      대손상각비			
124450	      무형자산상각비	41750000	1345768000	2282366000
124451	         영업권상각			
124452	         부의영업권환입(-)			
124461	         라이선스와프랜차이즈상각			
124453	         산업재산권상각			
124462	         저작권상각			
124463	         임차권리금상각			
124454	         광업권상각			
124455	         어업권상각			
124456	         차지권상각			
124457	         전용시설이용권상각			
124458	         창업비상각			
124459	         개발비상각			
124470	         소프트웨어상각	41750000	1345768000	2282366000
124471	         기타무형자산상각			
124472	      중간기간판매비와관리비조정			
124460	      기타의기타판매비와관리비	10709778000	18959335000	33389239000
125000	영업이익(손실)	-66891649000	-156383330000	-46121891000
125001	[공시영업이익(손실)]	-66891649000	-156383330000	-46121891000
125100	영업외수익	20658551000	4137573000	23779286000
125182	   금융수익	702281000	199007000	114556000
125192	   [공시금융수익]	4142131000	199007000	18619668000
125101	      이자수익	702281000	199007000	114556000
125102	      장단기투자자산이자수익			
125103	      배당금 수익			
125132	      매출채권처분이익			
125116	      주식배당금수익			
125183	      기타금융수익			
125200	   단기투자자산처분이익			
125201	   장기투자자산처분이익			
125122	   투자자산처분이익			
125131	   단기금융상품처분이익			
125146	   단기매매금융자산처분이익			
125169	   당기손익인식금융자산처분이익			
125147	   매도가능금융자산처분이익			
125148	   만기보유금융자산처분이익			
125104	   기타장단기투자자산처분이익			
125165	   지분법주식처분이익			
125184	   종속기업투자처분이익			
125185	   관계기업투자처분이익			
125186	   조인트벤처투자처분이익			
125133	   임대주택자산처분이익			
125123	   유,무형,리스자산처분이익		762000	11410000
125117	   신주인수권처분이익			
125161	   기타자산처분이익			
125105	   임대료수익			
125106	   수수료수익			
125107	   원가차익			
125108	   매입할인			
125110	   보험차익			
125109	   외환차익	1663516000	1580585000	3877401000
125111	   외화환산이익	49000	2311769000	1061043000
125118	   파생상품거래이익			
125119	   파생상품거래대환입			
125126	   파생상품평가이익	3439849000		18505112000
125187	   자산평가이익			
125143	      투자자산평가이익			
125141	      단기금융상품평가이익			
125144	      단기매매금융자산평가이익			
125155	      당기손익인식금융자산평가이익			
125145	      매도가능금융자산평가이익			
125121	      기타장단기투자자산평가이익			
125142	      단기투자일임계약자산평가이익			
125175	      유형자산평가이익			
125188	      무형자산평가이익			
125189	      투자부동산평가이익			
125162	      기타자산평가이익			
125112	   환율조정대환입			
125113	   대손충당부채환입			
125139	   재고자산평가손실환입			
125114	   장단기투자증권평가충당부채환입			
125120	   투자자산평가충당부채환입			
125153	   공정가액조정이익			
125124	   상각채권추심이익			
125152	   자전거래이익			
125125	   사채상환이익			
125150	   전환사채전환이익			
125127	   지분법이익			
125167	   자산손상차손환입			
125160	      임대주택자산손상차손환입			
125128	      투자자산손상차손환입			
125149	      매도가능금융자산손상차손환입			
125151	      만기보유금융자산손상차손환입			
125159	      기타장단기투자자산손상차손환입			
125166	      지분법주식손상차손환입			
125171	      종속기업투자손상차손환입			
125172	      관계기업투자손상차손환입			
125173	      조인트벤처투자손상차손환입			
125170	      유형자산손상차손환입			
125180	      무형자산손상차손환입			
125190	      기타자산손상차손환입			
125191	   주식보상비용환입			
125129	   법인세환급액			
125138	   중간기간오류이익			
125140	   중간기간영업외수익조정			
125134	   전기오류수정이익			
125135	   복구충당부채환입액			
125136	   복구공사이익			
125137	   유동화수익			
125157	   자산수증이익			
125158	   채무면제이익	10603750000		
125154	   해외사업환산이익환입			
125168	   정부보조금			
125115	   기타영업외수익	4249106000	45450000	209764000
126000	영업외비용	7534141000	113200816000	132484377000
126109	[금융비용자본화]	72801000000	18095000000	
126103	   금융비용	1752557000	96806592000	120846705000
126119	   [공시금융비용]	6150640000	112180962000	120916207000
126110	      이자비용	1576168000	96672612000	120742234000
126120	      사채이자			
126132	      매출채권처분손실			
126139	      상환우선주배당금			
126104	      기타금융비용	176389000	133980000	104471000
126121	   단기투자자산처분손실			
126122	   장기투자자산처분손실			
126270	   투자자산처분손실			298684000
126131	   단기금융상품처분손실			
126144	   단기매매금융자산처분손실			
126129	   당기손익인식금융자산처분손실			
126145	   매도가능금융자산처분손실			
126146	   만기보유금융자산처분손실			
126140	   기타장단기투자자산처분손실			
126123	   지분법주식처분손실			
126105	   종속기업투자처분손실			
126106	   관계기업투자처분손실			
126107	   조인트벤처투자처분손실			
126133	   임대주택자산처분손실			
126260	   유,무형,리스자산처분손실			4393274000
126141	   신주인수권처분손실			
126127	   기타자산처분손실			
126150	   기부금	20000000	312300000	218087000
126160	   외환차손		443091000	1651907000
126174	   외화환산손실	49362000	205449000	3791717000
126161	   파생상품거래손실	3435309000		
126162	   파생상품거래차상각			
126163	   파생상품평가손실		15231020000	
126170	   자산평가손실			
126173	      투자자산평가손실			
126176	      단기금융상품평가손실			
126142	      단기매매금융자산평가손실			
126178	      당기손익인식금융자산평가손실			
126143	      매도가능금융자산평가손실			
126172	      기타장단기투자자산평가손실			
126177	      단기투자일임계약자산평가손실			
126171	      재고자산평가손실			
126175	      재고자산감모손실			
126415	      유형자산평가손실			
126124	      무형자산평가손실			
126125	      투자부동산평가손실			
126128	      기타자산평가손실			
126180	   매출할인			
126181	   수수료비용	962774000	143350000	69502000
126200	   원가차손			
126210	   무형자산상각비			
126212	      영업권상각			
126214	      부의영업권환입(-)			
126230	      라이선스와프랜차이즈상각			
126211	      산업재산권상각			
126231	      저작권상각			
126232	      임차권리금상각			
126215	      광업권상각			
126216	      어업권상각			
126217	      차지권상각			
126218	      전용시설이용권상각			
126219	      창업비상각			
126228	      개발비상각			
126229	      소프트웨어상각			
126213	      기타무형자산상각			
126240	   기타대손상각비			
126245	   감가상각비			
126149	   자전거래손실			
126151	   공정가액조정손실			
126280	   사채상환손실			
126350	   전환사채전환손실			
126281	   부채상환손실			
126310	   지분법손실			
126126	   자산손상차손			
126400	      임대주택자산손상차손			
126275	      투자자산손상차손			
126147	      매도가능금융자산손상차손			
126148	      만기보유금융자산손상차손			
126153	      기타장단기투자자산손상차손			
126155	      지분법주식손상차손			
126156	      종속기업투자손상차손			
126157	      관계기업투자손상차손			
126158	      조인트벤처투자손상차손			
126410	      유형자산손상차손			
126420	      무형자산손상차손			
126430	      기타자산손상차손			
126330	   법인세추납액			
126137	   중간기간오류손실			
126138	   중간기간영업외비용조정			
126134	   전기오류수정손실			
126135	   복구충당부채전입액			
126136	   복구공사손실			
126166	   재해손실			
126167	   특별상각			
126168	   해외사업환산손실상각			
126250	   기타영업외비용	1314139000	59014000	1214501000
128000	법인세비용차감전계속영업이익(손실)	-53767240000	-265446573000	-154826983000
128100	계속영업손익법인세비용(부의법인세비용)			
128001	[법인세부담액]			
128110	종속기업의매수일전순이익(-)			
128160	계속영업이익(손실)	-53767240000	-265446573000	-154826983000
128170	중단영업이익(손실)			
128171	   [중단영업매출액]			
128172	   [중단영업매출원가]			
128173	   [중단영업매출총이익(손실)]			
128183	   [중단영업기타영업수익]			
128184	   [중단영업기타영업비용]			
128174	   [중단영업판매비와관리비]			
128175	   [중단영업감가상각비]			
128176	   [중단영업영업이익(손실)]			
128177	   [중단영업영업외수익]			
128178	   [중단영업영업외비용]			
128179	   [중단영업법인세비용차감전순이익(손실)]			
128180	   [사업중단직접비용]			
128181	   [중단영업손상차손등]			
128182	   [중단영업손익법인세효과]			
128200	총당기순이익	-53767240000	-265446573000	-154826983000
129061	   당기순이익지배기업지분	-53767240000	-265446573000	-154826983000
129062	   당기순이익비지배지분(소수주주지분)			
129007	기본주당계속영업손익		-32443	-18923
129009	기본주당순손익		-32443	-18923
129008	기본주당중단영업손익			
129017	희석주당계속영업손익			
129019	희석주당순손익			
129005	희석주당중단영업손익			
129050	기타포괄손익		-152000	10862000
129051	[기타포괄손익관련법인세효과]			
129052	   부동산평가이익			
129053	   투자자산평가손익			
129054	   위험회피평가손익			
129055	   외화환산평가손익		-152000	10862000
129056	   보험수리적손익			
129065	   관계기업의기타포괄손익에대한지분			
129057	   기타의기타포괄손익			
129058	   법인세효과			
129060	포괄손익	-53767240000	-265446725000	-154816121000
129063	   포괄손익지배기업지분	-53767240000	-265446725000	-154816121000
129064	   포괄손익비지배지분(소수주주지분)			
