코드	계정명	2023-03-31/1st Quarter	2023-06-30/Semi Annual	2023-09-30/3rd Quarter	2023-12-31/Annual	2024-03-31/1st Quarter	2024-06-30/Semi Annual	2024-09-30/3rd Quarter	2024-12-31/Annual	2025-03-31/1st Quarter	2025-06-30/Semi Annual	2025-09-30/3rd Quarter	2025-12-31/Annual	2026-03-31/1st Quarter
121000	수익	191518608000	466803838000	752385877000	994199114000	264770276000	538034498000	806279464000	1072108965000	283304949000	567766064000	856013337000	1149867026000	293966427000
121100	   총수익	191518608000	466803838000	752385877000	994199114000	264770276000	538034498000	806279464000	1072108965000	283304949000	567766064000	856013337000	1149867026000	293966427000
121190	      [국내]													
121195	      [수출]													
121198	      [구분불명]													
121110	      상품판매로인한수익												76030278000	
121111	         국내													
121112	         수출													
121118	         구분불명													
121120	      제품판매로인한수익												1073836748000	
121121	         국내													
121122	         수출													
121128	         구분불명													
121140	      [공사수익]													
121150	      [분양수익]													
121160	      [임대수익]													
121170	      [용역수익]													
121171	      [지분법이익]													
121172	      [배당수익]													
121173	      [로열티수입]													
121174	      [이자수익]													
121175	      [수수료수익]													
121176	      [제품판매로인한수익]													
121180	      [기타수익]												1073836748000	
121500	      상품제품판매로인한수익	187559404000	460093814000	739472374000	978078638000	260856810000	531858871000	792470978000	1054298683000	278977113000	559709034000	841513159000		289464983000
121501	         국내													
121502	         수출													
121503	         구분불명													
121130	      기타수익	3959204000	6710023000	12913504000	16120476000	3913465000	6175627000	13808486000	17810282000	4327836000	8057030000	14500178000		4501444000
121131	         국내													
121132	         수출													
121138	         구분불명													
121200	   매출에누리와환입													
121300	   판매장려금등													
121400	   매출할인													
121450	   반품추정수익													
121451	   특정매입원가													
121452	   기타수익조정													
122000	매출원가	156046020000	345313905000	551667627000	760244214000	196097208000	403355215000	611793217000	834030709000	205327085000	419185482000	638557105000	882109021000	225766906000
122100	   상품매출원가													
122110	      기초재고													
122120	      매입													
122125	      타계정에서대체													
122126	      관세환급금													
122130	      타계정으로대체													
122140	      기말재고													
122200	   제품매출원가													
122210	      기초재고													
122220	      당기제품제조원가													
122225	      타계정에서대체													
122226	      관세환급금													
122230	      타계정으로대체													
122240	      기말재고													
122300	   [공사원가]													
122400	   [분양원가]													
122500	   [임대원가]													
122600	   [용역원가]													
122650	   [제품매출원가]													
122651	   [이자비용]													
122652	   [지분법손실]													
122653	   [감가상각비]													
122654	   [무형자산상각비]													
122655	   [종업원급여]													
122700	   [기타원가]													
122305	   상품제품매출원가	152874538000	339174553000	541671224000	746616248000	192718258000	397019869000	600806429000	818849347000	201496820000	411385592000	626045954000	882109021000	221637875000
122310	      기초재고	405030000	405030000	405030000	405030000	472478000	472478000	472478000	472478000	601101000	601101000	601101000	601101000	565461000
122320	      매입/제조	152817935000	339230158000	541762275000	746683696000	192688098000	397178568000	600893838000	818977970000	201394438000	411237783000	626035733000	882073381000	221600024000
122325	      타계정에서대체													
122326	      관세환급금													
122330	      타계정으로대체													
122340	      기말재고	348427000	460635000	496081000	472478000	442318000	631177000	559887000	601101000	498719000	453292000	590880000	565461000	527610000
122900	   기타매출원가	3171482000	6139352000	9996403000	13627966000	3378950000	6335346000	10986788000	15181362000	3830265000	7799890000	12511151000		4129031000
122910	      기초재고													
122920	      매입/제조	3171482000	6139352000	9996403000	13627966000	3378950000	6335346000	10986788000	15181362000	3830265000	7799890000	12511151000		4129031000
122925	      타계정에서대체													
122926	      관세환급금													
122930	      타계정으로대체													
122940	      기말재고													
122050	   재고자산평가손실													
122950	   반품추정매출원가													
122980	   매입할인													
122990	   매출원가조정													
123000	매출총이익(손실)	35472588000	121489933000	200718251000	233954899000	68673068000	134679283000	194486247000	238078256000	77977863000	148580582000	217456232000	267758005000	68199521000
123100	기타영업수익													
123102	   재고자산의변동													
123110	   금융수익													
123115	   [공시금융수익]													
123111	      이자수익													
123112	      장단기투자자산이자수익													
123120	      배당금수익													
123130	      매출채권처분이익													
123132	      주식배당금수익													
123113	      기타금융수익													
123121	   단기투자자산처분이익													
123122	   장기투자자산처분이익													
123165	   투자자산처분이익													
123123	   단기금융상품처분이익													
123124	   단기매매금융자산처분이익													
123206	   당기손익인식금융자산처분이익													
123166	   매도가능금융자산처분이익													
123167	   만기보유금융자산처분이익													
123175	   기타장단기투자자산처분이익													
123125	   지분법주식처분이익													
123126	   종속기업투자처분이익													
123127	   관계기업투자처분이익													
123128	   조인트벤처투자처분이익													
123131	   임대주택자산처분이익													
123169	   유,무형,리스자산처분이익													
123133	   신주인수권처분이익													
123205	   기타자산처분이익													
123134	   임대료수익													
123135	   수수료수익													
123136	   원가차익													
123137	   매입할인													
123138	   보험차익													
123139	   외환차익													
123140	   외화환산이익													
123141	   파생상품거래이익													
123142	   파생상품거래대환입													
123143	   파생상품평가이익													
123150	   자산평가이익													
123155	      투자자산평가이익													
123151	      단기금융상품평가이익													
123152	      단기매매금융자산평가이익													
123174	      당기손익인식금융자산평가이익													
123156	      매도가능금융자산평가이익													
123154	      기타장단기투자자산평가이익													
123153	      단기투자일임계약자산평가이익													
123157	      유형자산평가이익													
123158	      무형자산평가이익													
123159	      투자부동산평가이익													
123207	      기타자산평가이익													
123160	   환율조정대환입													
123161	   대손충당부채환입													
123162	   재고자산평가손실환입													
123163	   장단기투자증권평가충당부채환입													
123164	   투자자산평가충당부채환입													
123170	   공정가액조정이익													
123171	   상각채권추심이익													
123168	   자전거래이익													
123172	   사채상환이익													
123192	   전환사채전환이익													
123173	   지분법이익													
123180	   자산손상차손환입													
123181	      임대주택자산손상차손환입													
123182	      투자자산손상차손환입													
123183	      매도가능금융자산손상차손환입													
123184	      만기보유금융자산손상차손환입													
123177	      기타장단기투자자산손상차손환입													
123185	      지분법주식손상차손환입													
123211	      종속기업투자손상차손환입													
123212	      관계기업투자손상차손환입													
123213	      조인트벤처투자손상차손환입													
123186	      유형자산손상차손환입													
123187	      무형자산손상차손환입													
123188	      기타자산손상차손환입													
123190	   주식보상비용환입													
123191	   법인세환급액													
123193	   중간기간오류이익													
123194	   중간기간영업외수익조정													
123195	   전기오류수정이익													
123196	   복구충당부채환입액													
123197	   복구공사이익													
123198	   유동화수익													
123199	   자산수증이익													
123201	   채무면제이익													
123202	   해외사업환산이익환입													
123203	   정부보조금													
123204	   기타수익													
123300	기타영업비용													
123301	   재고자산의변동													
123302	   원재료와소모품의사용													
123303	   금융비용													
123399	   [공시금융비용]													
123304	      이자비용													
123305	      사채이자													
123316	      매출채권처분손실													
123341	      상환우선주배당금													
123306	      기타금융비용													
123307	   단기투자자산처분손실													
123308	   장기투자자산처분손실													
123366	   투자자산처분손실													
123309	   단기금융상품처분손실													
123310	   단기매매금융자산처분손실													
123394	   당기손익인식금융자산처분손실													
123367	   매도가능금융자산처분손실													
123368	   만기보유금융자산처분손실													
123176	   기타장단기투자자산처분손실													
123311	   지분법주식처분손실													
123312	   종속기업투자처분손실													
123313	   관계기업투자처분손실													
123314	   조인트벤처투자처분손실													
123317	   임대주택자산처분손실													
123365	   유,무형,리스자산처분손실													
123318	   신주인수권처분손실													
123395	   기타자산처분손실													
123319	   기부금													
123320	   외환차손													
123321	   외화환산손실													
123322	   파생상품거래손실													
123323	   파생상품거래차상각													
123324	   파생상품평가손실													
123325	   자산평가손실													
123332	      투자자산평가손실													
123326	      단기금융상품평가손실													
123329	      단기매매금융자산평가손실													
123338	      당기손익인식금융자산평가손실													
123333	      매도가능금융자산평가손실													
123331	      기타장단기투자자산평가손실													
123330	      단기투자일임계약자산평가손실													
123327	      재고자산평가손실													
123328	      재고자산감모손실													
123334	      유형자산평가손실													
123335	      무형자산평가손실													
123336	      투자부동산평가손실													
123396	      기타자산평가손실													
123337	   매출할인													
123358	   수수료비용													
123339	   원가차손													
123342	   무형자산상각비													
123343	      영업권상각													
123344	      부의영업권환입(-)													
123345	      라이선스와프랜차이즈상각													
123346	      산업재산권상각													
123347	      저작권상각													
123348	      임차권리금상각													
123349	      광업권상각													
123350	      어업권상각													
123351	      차지권상각													
123352	      전용시설이용권상각													
123353	      창업비상각													
123354	      개발비상각													
123355	      소프트웨어상각													
123356	      기타무형자산상각													
123363	   기타대손상각비													
123357	   감가상각비													
123369	   자전거래손실													
123370	   공정가액조정손실													
123380	   사채상환손실													
123384	   전환사채전환손실													
123381	   부채상환손실													
123382	   지분법손실													
123371	   자산손상차손													
123372	      임대주택자산손상차손													
123373	      투자자산손상차손													
123374	      매도가능금융자산손상차손													
123375	      만기보유금융자산손상차손													
123178	      기타장단기투자자산손상차손													
123376	      지분법주식손상차손													
123360	      종속기업투자손상차손													
123361	      관계기업투자손상차손													
123362	      조인트벤처투자손상차손													
123377	      유형자산손상차손													
123378	      무형자산손상차손													
123379	      기타자산손상차손													
123383	   법인세추납액													
123385	   중간기간오류손실													
123386	   중간기간영업외비용조정													
123387	   전기오류수정손실													
123388	   복구충당부채전입액													
123389	   복구공사손실													
123390	   재해손실													
123391	   특별상각													
123392	   해외사업환산손실상각													
123393	   기타비용													
124000	판매비와관리비	16450257000	47580754000	69676377000	88184827000	20269013000	54266165000	77868292000	102023111000	20702283000	48453189000	77817307000	111941775000	30894712000
124001	[총종업원급여]	45584438000	103481520000	171083880000	237960701000	59949553000	122040737000	187228636000	262490659000	69043059000	137874874000	208188104000	303186866000	75620355000
124002	[총감가상각비]	21389025000	40516092000	59530646000	78894084000	18686190000	37561567000	56132833000	74329619000	17998701000	35936242000	53703074000	71437769000	19321239000
124003	[총무형자산상각비]	1533577000	2514540000	3492092000	4103743000	1006055000	2019340000	2977685000	3783227000	773825000	1586605000	2403449000	3220885000	903057000
124100	   인건비	6921365000	16315941000	27297651000	36390012000	10200637000	21185548000	31672362000	45787598000	9989717000	20365078000	31784640000	50323616000	13971438000
124105	      단기종업원급여	5482050000	13388879000	22689155000	29370929000	7191095000	14790936000	22381290000	31856917000	7490095000	15103393000	22888121000	36767610000	10003731000
124110	         임원급여													
124120	         급료와임금	5482050000	13388879000	22689155000	29370929000	7191095000	14790936000	22381290000	31856917000	7490095000	15103393000	22888121000	36767610000	10003731000
124130	         제수당													
124140	         상여금													
124145	      퇴직급여	387796000	759720000	1191550000	1722579000	671367000	1331537000	2003272000	2708475000	682987000	1363020000	2040696000	2886170000	868626000
124165	      해고급여													
124166	      기타장기종업원급여													
124180	      주식보상비용													
124170	      복리후생비	1051519000	2167342000	3416946000	5296504000	2338175000	5063075000	7287800000	11222206000	1816635000	3898665000	6855823000	10669836000	3099081000
124199	      기타인건비													
124200	   일반관리비	6980921000	22925966000	21401406000	36049531000	6346210000	23647305000	30825273000	35960291000	8149421000	21021133000	29787518000	32954231000	7214026000
124211	      여비교통비													
124212	      통신비													
124213	      수도광열비													
124214	      세금과공과	269826000	5235399000	5232375000	4728001000	263768000	10590770000	11288163000	4662449000	192850000	4266590000	4418008000	455286000	209151000
124215	      임차료비용													
124216	      감가상각비	988201000	2061911000	3146579000	4266581000	1143238000	2377787000	3585732000	4810814000	1402733000	2896154000	4440760000	6057471000	1658967000
124217	      수선비													
124218	      보험료													
124219	      도서구입비													
124220	      소모품비													
124221	      도서인쇄비													
124222	      차량유지비													
124223	      교육훈련비													
124224	      수수료비용	2769546000	9542538000	12032910000	14325433000	1028399000	2687284000	4236683000	11135403000	2263140000	5108876000	7626707000	11439540000	4939259000
124226	      리스료													
124227	      전산처리비													
124228	      하자보수비													
124225	      기타관리비	2953348000	6086118000	989542000	12729516000	3910805000	7991464000	11714695000	15351625000	4290698000	8749513000	13302043000	15001934000	406649000
124300	   판매비	2065135000	7277167000	10703515000	13538257000	3040160000	8093904000	13517592000	17690520000	1890891000	5985797000	14199559000	26069843000	5502197000
124311	      접대비													
124312	      광고선전비	2065135000	7277167000	10703515000	13538257000	3040160000	8093904000	13517592000	17690520000	1890891000	5985797000	14199559000	26069843000	5502197000
124313	      보관료													
124314	      견본비													
124315	      포장비													
124316	      운반비													
124317	      판매수수료													
124319	      판매촉진비													
124318	      해외시장개척비													
124320	      수출비용													
124322	      A/S비													
124323	      반품충당부채전입액													
124321	      기타판매비													
124400	   기타판매비와관리비	482836000	1061680000	10273804000	2207027000	682006000	1339408000	1853066000	2584702000	672255000	1081180000	2045590000	2594084000	4207051000
124405	      [개발비 비용]													
124406	      연구비													
124410	      경상연구개발비													
124420	      경상개발비													
124421	      로얄티													
124440	      대손상각비	-95013000	-95013000	-95013000	-203739000	26700000	26700000	-118124000	-33990000		-304044000	-53868000	-213381000	1811000
124450	      무형자산상각비	577849000	1156693000	1772826000	2410766000	655306000	1312708000	1971190000	2618692000	672255000	1385224000	2099458000	2807465000	784413000
124451	         영업권상각													
124452	         부의영업권환입(-)													
124461	         라이선스와프랜차이즈상각													
124453	         산업재산권상각													
124462	         저작권상각													
124463	         임차권리금상각													
124454	         광업권상각													
124455	         어업권상각													
124456	         차지권상각													
124457	         전용시설이용권상각													
124458	         창업비상각													
124459	         개발비상각													
124470	         소프트웨어상각													
124471	         기타무형자산상각	577849000	1156693000	1772826000	2410766000	655306000	1312708000	1971190000	2618692000	672255000	1385224000	2099458000	2807465000	784413000
124472	      중간기간판매비와관리비조정													
124460	      기타의기타판매비와관리비			8595991000										3420827000
125000	영업이익(손실)	19022331000	73909179000	131041874000	145770072000	48404055000	80413118000	116617954000	136055145000	57275580000	100127393000	139638925000	155816231000	37304809000
125001	[공시영업이익(손실)]	19022331000	73909179000	131041874000	145770072000	48404055000	80413118000	116617954000	136055145000	57275580000	100127393000	139638925000	155816231000	37304809000
125100	영업외수익	16845854000	38085630000	48403011000	63014954000	19324462000	34000336000	45406240000	71158458000	16383076000	34159371000	50502139000	60036999000	15746202000
125182	   금융수익	7217754000	19407900000	22840895000	28907611000	6206736000	11151762000	15398340000	24404717000	5682029000	8137168000	10586567000	14942858000	4215141000
125192	   [공시금융수익]	7201677000	19381823000	22814818000	28881534000	6164016000	11095042000	15341620000	24347997000	5628285000	8073424000	10522823000	14879114000	4171503000
125101	      이자수익	7201677000	19381823000	22814818000	28881534000	6164016000	11095042000	15341620000	24347997000	5628285000	8073424000	10522823000	14879114000	4171503000
125102	      장단기투자자산이자수익													
125103	      배당금 수익	16077000	26077000	26077000	26077000	42720000	56720000	56720000	56720000	53744000	63744000	63744000	63744000	43638000
125132	      매출채권처분이익													
125116	      주식배당금수익													
125183	      기타금융수익													
125200	   단기투자자산처분이익													
125201	   장기투자자산처분이익								3458805000					
125122	   투자자산처분이익													
125131	   단기금융상품처분이익													
125146	   단기매매금융자산처분이익													
125169	   당기손익인식금융자산처분이익	1769639000	4125765000	4233626000	6573370000	452639000	1085866000	2399969000		1280655000	1855279000	2822497000	5064823000	1656278000
125147	   매도가능금융자산처분이익													
125148	   만기보유금융자산처분이익													
125104	   기타장단기투자자산처분이익													
125165	   지분법주식처분이익													
125184	   종속기업투자처분이익													
125185	   관계기업투자처분이익													
125186	   조인트벤처투자처분이익													
125133	   임대주택자산처분이익													
125123	   유,무형,리스자산처분이익	333706000	827283000	827283000	869862000	4014000	300000	300000	300000	847000	847000	47673000	47673000	7045000
125117	   신주인수권처분이익													
125161	   기타자산처분이익													
125105	   임대료수익	94087000	201960000	316248000	434324000	104409000	216168000	380208000	493348000	71578000	127139000	259521000	13807023000	222244000
125106	   수수료수익	2280626000	4813837000											
125107	   원가차익													
125108	   매입할인													
125110	   보험차익													
125109	   외환차익	2578122000	5119707000	14908623000	9133765000	2293620000	10437210000	7509640000	10090343000	3093067000	5680864000	7605523000	9977897000	2563535000
125111	   외화환산이익	661751000	541019000	582767000	14263348000	574056000	866913000	10552941000	13848920000	606769000	12635732000	13976635000	607011000	3520676000
125118	   파생상품거래이익													
125119	   파생상품거래대환입													
125126	   파생상품평가이익	1095000000	1365000000	2325000000		3977105000	4990000000	1510000000	9030000000					2300000000
125187	   자산평가이익	524779000	906611000	1142443000	459505000	1520709000	3666503000	4864400000	4300740000	1040888000	3855680000	6879489000	5738536000	180697000
125143	      투자자산평가이익													
125141	      단기금융상품평가이익													
125144	      단기매매금융자산평가이익													
125155	      당기손익인식금융자산평가이익	524779000	906611000	1142443000	459505000	1520709000	3666503000	4864400000		1040888000	3855680000	6879489000	5738536000	180697000
125145	      매도가능금융자산평가이익													
125121	      기타장단기투자자산평가이익								2355645000					
125142	      단기투자일임계약자산평가이익													
125175	      유형자산평가이익								1945095000					
125188	      무형자산평가이익													
125189	      투자부동산평가이익													
125162	      기타자산평가이익													
125112	   환율조정대환입													
125113	   대손충당부채환입			16600000										
125139	   재고자산평가손실환입													
125114	   장단기투자증권평가충당부채환입													
125120	   투자자산평가충당부채환입													
125153	   공정가액조정이익													
125124	   상각채권추심이익													
125152	   자전거래이익													
125125	   사채상환이익													
125150	   전환사채전환이익													
125127	   지분법이익													
125167	   자산손상차손환입				113200000									
125160	      임대주택자산손상차손환입													
125128	      투자자산손상차손환입													
125149	      매도가능금융자산손상차손환입													
125151	      만기보유금융자산손상차손환입													
125159	      기타장단기투자자산손상차손환입													
125166	      지분법주식손상차손환입													
125171	      종속기업투자손상차손환입													
125172	      관계기업투자손상차손환입													
125173	      조인트벤처투자손상차손환입													
125170	      유형자산손상차손환입													
125180	      무형자산손상차손환입				113200000									
125190	      기타자산손상차손환입													
125191	   주식보상비용환입													
125129	   법인세환급액													
125138	   중간기간오류이익													
125140	   중간기간영업외수익조정													
125134	   전기오류수정이익													
125135	   복구충당부채환입액													
125136	   복구공사이익													
125137	   유동화수익													
125157	   자산수증이익													
125158	   채무면제이익													
125154	   해외사업환산이익환입													
125168	   정부보조금													
125115	   기타영업외수익	290390000	776548000	1209526000	2259970000	4191174000	1585613000	2790442000	5531285000	4607243000	1866662000	8324233000	9851178000	1080586000
126000	영업외비용	25568035000	57361357000	73170960000	117285004000	26758307000	51000004000	77741685000	106400497000	24060523000	48840168000	65148416000	80554320000	28200247000
126109	[금융비용자본화]								343824000			406336000	809312000	463068000
126103	   금융비용	18422912000	35940522000	52102026000	70590773000	19077101000	38095942000	55851869000	72878952000	16016918000	32125947000	47211750000	63026451000	17133914000
126119	   [공시금융비용]	18422912000	35940522000	52102026000	70590773000	19077101000	38095942000	55851869000	72878952000	16016918000	32125947000	47211750000	63026451000	17133914000
126110	      이자비용	18422912000	35940522000	52102026000	70590773000	19077101000	38095942000	55851869000	72878952000	16016918000	32125947000	47211750000	63026451000	17133914000
126120	      사채이자													
126132	      매출채권처분손실													
126139	      상환우선주배당금													
126104	      기타금융비용													
126121	   단기투자자산처분손실													
126122	   장기투자자산처분손실													
126270	   투자자산처분손실													
126131	   단기금융상품처분손실													
126144	   단기매매금융자산처분손실													
126129	   당기손익인식금융자산처분손실			141909000										500193000
126145	   매도가능금융자산처분손실													
126146	   만기보유금융자산처분손실													
126140	   기타장단기투자자산처분손실													
126123	   지분법주식처분손실													
126105	   종속기업투자처분손실													
126106	   관계기업투자처분손실													
126107	   조인트벤처투자처분손실													
126133	   임대주택자산처분손실													
126260	   유,무형,리스자산처분손실	29850000	73165000	412954000	421270000		335018000	381817000	763536000	7971000	11265000	30338000	299152000	59473000
126141	   신주인수권처분손실													
126127	   기타자산처분손실													
126150	   기부금	226950000	1130400000	1437107000	2021153000	1304450000	1337550000	3065218000	3100558000	3491906000	3516856000	4843505000	5043281000	3876554000
126160	   외환차손	2630632000	5646798000	7819060000	9774870000	2923314000	4957774000	8081426000	9520387000	3177638000	6848920000	8410380000	10710364000	2338516000
126174	   외화환산손실	1096994000	1365458000	2325536000	363000	2870383000	4990799000	1510000000	9030000000				250000	2300000000
126161	   파생상품거래손실				290667000									
126162	   파생상품거래차상각													
126163	   파생상품평가손실	3064035000	12614341000	8289625000	18665365000		327629000	7704929000	7704929000	175000000	5680000000	3390000000	130000000	
126170	   자산평가손실				382466000	477717000	431378000	446853000		1161023000	561315000	385124000	385124000	1802318000
126173	      투자자산평가손실													
126176	      단기금융상품평가손실													
126142	      단기매매금융자산평가손실													
126178	      당기손익인식금융자산평가손실				382466000	477717000	431378000	446853000		1161023000	561315000	385124000	385124000	1802318000
126143	      매도가능금융자산평가손실													
126172	      기타장단기투자자산평가손실													
126177	      단기투자일임계약자산평가손실													
126171	      재고자산평가손실													
126175	      재고자산감모손실													
126415	      유형자산평가손실													
126124	      무형자산평가손실													
126125	      투자부동산평가손실													
126128	      기타자산평가손실													
126180	   매출할인													
126181	   수수료비용													
126200	   원가차손													
126210	   무형자산상각비													
126212	      영업권상각													
126214	      부의영업권환입(-)													
126230	      라이선스와프랜차이즈상각													
126211	      산업재산권상각													
126231	      저작권상각													
126232	      임차권리금상각													
126215	      광업권상각													
126216	      어업권상각													
126217	      차지권상각													
126218	      전용시설이용권상각													
126219	      창업비상각													
126228	      개발비상각													
126229	      소프트웨어상각													
126213	      기타무형자산상각													
126240	   기타대손상각비													
126245	   감가상각비													
126149	   자전거래손실													
126151	   공정가액조정손실													
126280	   사채상환손실													
126350	   전환사채전환손실													
126281	   부채상환손실		290667000	290667000										
126310	   지분법손실													
126126	   자산손상차손				13635337000				3027773000				36594000	
126400	      임대주택자산손상차손													
126275	      투자자산손상차손													
126147	      매도가능금융자산손상차손													
126148	      만기보유금융자산손상차손													
126153	      기타장단기투자자산손상차손													
126155	      지분법주식손상차손													
126156	      종속기업투자손상차손													
126157	      관계기업투자손상차손													
126158	      조인트벤처투자손상차손													
126410	      유형자산손상차손				9531594000				2930620000				28769000	
126420	      무형자산손상차손				4103743000				97153000				7825000	
126430	      기타자산손상차손													
126330	   법인세추납액													
126137	   중간기간오류손실													
126138	   중간기간영업외비용조정													
126134	   전기오류수정손실													
126135	   복구충당부채전입액													
126136	   복구공사손실													
126166	   재해손실													
126167	   특별상각													
126168	   해외사업환산손실상각													
126250	   기타영업외비용	96662000	300006000	352076000	1502740000	105342000	523914000	699573000	374362000	30067000	95865000	877319000	923104000	189279000
128000	법인세비용차감전계속영업이익(손실)	10300150000	54633451000	106273925000	91500023000	40970209000	63413450000	84282510000	100813106000	49598133000	85446597000	124992648000	135298910000	24850763000
128100	계속영업손익법인세비용(부의법인세비용)	850010000	7977001000	15904353000	11315982000	3989802000	8864889000	10071672000	-9880289000	6494490000	9990878000	16106219000	-9482547000	6183300000
128001	[법인세부담액]				7920099000				18466571000				13286251000	
128110	종속기업의매수일전순이익(-)													
128160	계속영업이익(손실)	9450140000	46656450000	90369573000	80184041000	36980407000	54548561000	74210837000	110693395000	43103643000	75455719000	108886429000	144781457000	18667463000
128170	중단영업이익(손실)													
128171	   [중단영업매출액]													
128172	   [중단영업매출원가]													
128173	   [중단영업매출총이익(손실)]													
128183	   [중단영업기타영업수익]													
128184	   [중단영업기타영업비용]													
128174	   [중단영업판매비와관리비]													
128175	   [중단영업감가상각비]													
128176	   [중단영업영업이익(손실)]													
128177	   [중단영업영업외수익]													
128178	   [중단영업영업외비용]													
128179	   [중단영업법인세비용차감전순이익(손실)]													
128180	   [사업중단직접비용]													
128181	   [중단영업손상차손등]													
128182	   [중단영업손익법인세효과]													
128200	총당기순이익	9450140000	46656450000	90369573000	80184041000	36980407000	54548561000	74210837000	110693395000	43103643000	75455719000	108886429000	144781457000	18667463000
129061	   당기순이익지배기업지분	6989845000	36399693000	71661672000	62558500000	25938516000	40487614000	50308464000	75553489000	31133876000	52012678000	75046245000	94356432000	16467679000
129062	   당기순이익비지배지분(소수주주지분)	2460295000	10256757000	18707901000	17625541000	11041891000	14060946000	23902373000	35139907000	11969767000	23443040000	33840183000	50425024000	2199785000
129007	기본주당계속영업손익	81	423	831	725	300	469	583	875	361	602	867	1087	188
129009	기본주당순손익	81	423	831	725	300	469	583	875	361	602	867	1087	188
129008	기본주당중단영업손익													
129017	희석주당계속영업손익			816		262	429		850	342	580	842	1062	187
129019	희석주당순손익			816		262	429		850	342	580	842	1062	187
129005	희석주당중단영업손익													
129050	기타포괄손익	-3906931000	-8704084000	-9204582000	-32690144000	2356290000	2725388000	964859000	187502157000	237132000	-1416733000	116405000	-11133470000	2888803000
129051	[기타포괄손익관련법인세효과]													
129052	   부동산평가이익				-656165000				194863043000				-5536898000	
129053	   투자자산평가손익	-116354000	-205318000	-285752000	-253347000	10244000	-74887000	34264000	-1060000	24374000	82305000	84424000	96564000	-96839000
129054	   위험회피평가손익	-4333797000	-8942994000	-9768841000	-14589945000	1664113000	1721204000	780725000	1368562000	186512000	226977000	1079091000	791766000	2004323000
129055	   외화환산평가손익	515815000	502903000	891200000	114984000	761410000	1284761000	405804000	2545355000	23656000	-1681411000	-995786000	-488736000	1166410000
129056	   보험수리적손익	27404000	-58674000	-41189000	-17305671000	-79477000	-205690000	-255935000	-11273744000	2590000	-44603000	-51323000	-5996166000	-185091000
129065	   관계기업의기타포괄손익에대한지분													
129057	   기타의기타포괄손익													
129058	   법인세효과													
129060	포괄손익	5543208000	37952366000	81164991000	47493896000	39336697000	57273948000	75175696000	298195552000	43340775000	74038986000	109002834000	133647987000	21556267000
129063	   포괄손익지배기업지분	4837019000	31531380000	66310899000	35287680000	28303922000	43245073000	51283631000	238675586000	31364146000	50601219000	75169731000	84308476000	19372523000
129064	   포괄손익비지배지분(소수주주지분)	706189000	6420987000	14854092000	12206216000	11032776000	14028876000	23892065000	59519966000	11976629000	23437767000	33833103000	49339511000	2183744000
